Received Date,Case Type,Basis for Closing (Case Statistics) (FMCS Case Statistics),N-Case Source,N-Category,N-Date Submitted,Employer, Full Name (Employer Primary Contact) (Contact),Union,Union Local, Full Name (Union Primary Contact) (Contact),Initiated Date,Contract Agreement Date,BU
2021-01-04T16:28:22,CBM,Agreement Reached,F-7 from Union,Initial Contract,,"Milwaukee Art Museum, Inc.",Kathleen Acevedo,IAM District 10 66,,Brandon Mortenson,2021-01-05T09:31:25,2022-04-12,129
2021-01-07T17:30:36,CBM,Agreement Reached,F-7 from Union,Initial Contract,2021-01-07T17:30:36, Baltimore Waterfront Marriott,Brian Hudson,UNITE HERE 7,,Tracy Lingo,2021-01-11T16:39:33,2021-03-04,140
2021-01-08T09:24:28,CBM,Agreement Reached,F-7 from Union,Initial Contract,2021-01-08T09:24:28,Illinois State University,Michael Kruger,SEIU 73,,Ricky Baldwin,2021-01-11T16:52:02,2022-03-21,450
2021-01-11T14:03:13,CBM,Agreement Reached,F-7 from Union,Initial Contract,2021-01-11T14:03:13,Kaleida Health - Clinical Engineering,Robert V Heftka,Communications Workers of America 1168,,John Klein,2021-01-11T15:07:53,2022-03-10,45
2021-01-14T09:45:08,CBM,Agreement Reached,F-7 from Union,Initial Contract,2021-01-14T09:45:08,"Continental Structural Plastics, Inc.",Julie Benton,UAW 211,,Jason Barlow,2021-01-14T09:52:05,2021-06-24,68
2021-01-21T16:47:52,CBM,Agreement Reached,F-7 from Union,Initial Contract,2021-01-21T16:47:52,Encino Hospital Medical Center,Demetria Taylor,SEIU 121RN,,Frank Torres,2021-01-26T13:11:47,2022-03-17,40
2021-01-22T10:16:17,CBM,Agreement Reached,F-7 from Union,Initial Contract,2021-01-22T10:16:17,Willamette Valley Medical Center,Justin Thomas,Oregon Nurses Association N/A,,Tizoc Arenas,2021-01-25T16:12:45,2021-09-20,192
2021-01-22T16:37:09,CBM,Agreement Reached,F-7 from Union,Initial Contract,2021-01-22T16:37:09,Draper Valley Farms,John Fromong,United Food and Commercial Workers Union 21,,Evelyn Orantes-Fogel,2021-01-26T10:46:54,2021-05-05,70
2021-01-23T18:34:09,CBM,Agreement Reached,F-7 from Union,Initial Contract,2021-01-23T18:34:09,North Bay ATBA LLC,Rick Albert,SEIU 2015,,Stephanie Batey,2021-01-25T10:46:26,2021-06-28,129
2021-01-25T13:02:40,CBM,Agreement Reached,F-7 from Union,Initial Contract,2021-01-25T13:02:40,North Bay Post Acute,Brett Moore,SEIU 2015,,Ojo Akognon,2021-01-25T13:37:23,2021-05-16,75
2021-01-27T00:00:00,CBM,Agreement Reached,F-7 from Union,Initial Contract,2021-01-27T00:00:00,Highlands Hospital,Caitlyn Anderson,AFSCME District Council 84 2340,,Harry Rhodes,2021-01-29T14:28:03,2021-06-10,150
2021-01-28T12:04:57,CBM,Agreement Reached,F-7 from Union,Initial Contract,2021-01-28T12:04:57,Ocean Resort Casino,Ian Malinsky,Unite Here 54,,Donna DeCaprio,2021-02-01T08:33:07,2021-08-31,1000
2021-02-02T00:00:00,CBM,Agreement Reached,Union Request,Initial Contract,2021-02-02T00:00:00,CPC Logistics Inc.,Raymond Miles,IBT 848,,Sylvia Escobar,2021-02-03T09:03:10,2021-06-24,68
2021-02-02T12:34:49,CBM,Agreement Reached,F-7 from Union,Initial Contract,2021-02-02T12:34:49,The New Yorker,Twyla Perrin,The NewsGuild of New York TNG-CWA 31003,,Rachel Sanders,2021-02-03T14:09:27,2021-09-01,110
2021-02-02T12:42:49,CBM,Agreement Reached,F-7 from Union,Initial Contract,2021-02-02T12:42:49,Pitchfork / Conde Nast,Twyla Perrin,The NewsGuild of New York TNG-CWA 31003,,Rachel Sanders,2021-02-03T14:08:50,2021-09-01,17
2021-02-02T12:56:48,CBM,Agreement Reached,F-7 from Union,Initial Contract,2021-02-02T12:56:48,Ars Technica / Conde Nast,Twyla Perrin,The NewsGuild of New York TNG-CWA 31003,,Rachel Sanders,2021-02-03T14:08:16,2021-09-01,15
2021-02-04T12:24:25,CBM,Agreement Reached,F-7 from Union,Initial Contract,2021-02-04T12:24:25,CAE USA Missions Solutions Inc.,Chris Sens,IAMAW 794,,Gary Allen,2021-02-05T16:20:33,2021-08-31,4
2021-02-04T13:46:55,CBM,Agreement Reached,F-7 from Union,Initial Contract,2021-02-04T13:46:55,Busch Agricultural Resources,John Drake,IBT 983,,Lance Helsing,2021-02-04T13:48:16,2021-09-20,90
2021-02-08T00:00:00,CBM,Agreement Reached,F-7 from Union,Initial Contract,2021-02-08T00:00:00,Vibra Kentfield Hospital - San Francisco,Adam Long,SEIU UHWW 2005,,Courtney Rabena,2021-02-08T08:58:20,2022-02-15,100
2021-02-08T19:46:06,CBM,Agreement Reached,F-7 from Union,Initial Contract,2021-02-08T19:46:06,Vertex Aerospace,Jeffery Goerke,International Association of Machinists and Aerospace Workers 1998,,William Panui,2021-02-09T11:46:27,2021-03-31,22
2021-02-11T10:28:52,CBM,Agreement Reached,F-7 from Union,Initial Contract,2021-02-11T10:28:52,Clow Foundry,Tiffany Tremmel,IAMAW 1498,,Gary Pickett,2021-02-11T14:42:01,2021-07-14,101
2021-02-12T00:00:00,CBM,Agreement Reached,F-7 from Union,Initial Contract,2021-02-12T00:00:00,First Transit,Kim Mingo,Jonathan Hunt,,Jonathan Hunt,2021-02-12T09:27:39,2021-05-18,30
2021-02-17T16:15:37,CBM,Agreement Reached,F-7 from Union,Initial Contract,2021-02-17T16:15:37,MN Painting & Wallcovering Employers Association,Martha Henrickson,IUPAT District Council 82 106,,Craig Olson,2021-02-17T16:31:32,2021-07-28,200
2021-02-18T00:00:00,CBM,Agreement Reached,F-7 from Union,Initial Contract,2021-02-18T00:00:00,Solid Ground,Caitlen Daniels,IAMAW 751,,Jon Holden,2021-02-19T10:48:02,2022-01-11,8
2021-02-18T15:19:58,CBM,Agreement Reached,F-7 from Union,Initial Contract,2021-02-18T15:19:58,Anderson Glass Company Inc.,Chris Stanley,IUPAT District Council 82 106,,Craig Olson,2021-02-22T10:21:32,2021-07-28,49
2021-02-18T15:27:12,CBM,Agreement Reached,F-7 from Union,Initial Contract,2021-02-18T15:27:12,Mesabi Glass Window & Door Inc.,Dave Anderson,IUPAT District Council 82 106,,Craig Olson,2021-02-22T10:14:03,2021-07-28,49
2021-02-18T15:34:20,CBM,Agreement Reached,F-7 from Union,Initial Contract,2021-02-18T15:34:20,Superior Glass Inc.,Knute Pedersen,IUPAT District Council 82 106,,Craig Olson,2021-02-22T10:07:48,2021-07-28,49
2021-02-18T15:37:54,CBM,Agreement Reached,F-7 from Union,Initial Contract,2021-02-18T15:37:54,St. Germain's Glass Company,Denny Nelson,IUPAT District Council 82 106,,Craig Olson,2021-02-22T10:01:11,2021-07-28,49
2021-02-18T16:14:49,CBM,Case Cancelled,F-7 from Union,Initial Contract,2021-02-18T16:14:49,Genesis Healthcare - Schuylkill Manor,William Merrill,SEIU Healthcare Pennsylvania N/A.,,Carlos Rivera,2021-02-22T13:50:04,2021-05-10,145
2021-02-23T00:00:44,CBM,Agreement Reached,F-7 from Union,Initial Contract,2021-02-23T13:52:44,AGC of North Dakota and its signatory contractors,Russ Hanson,LIUNA Laborers District Council N/A,,Joel Smith,2021-03-01T08:43:38,2021-04-06,400
2021-02-23T13:44:51,CBM,Agreement Reached,F-7 from Union,Initial Contract,2021-02-23T13:44:51,Wells Concrete Products Company,Bryanna Sonnek,LIUNA/Laborers District Council 405,,Joel Smith,2021-03-04T09:27:10,2021-05-20,160
2021-02-24T11:05:49,CBM,Agreement Reached,F-7 from Union,Initial Contract,2021-02-24T11:05:49,"Stericycle, dba Shred-It",Kayla Noble,General Teamsters 251,,Matthew Taibi,2021-03-01T09:54:14,2022-03-31,20
2021-02-26T11:23:12,CBM,Agreement Reached,F-7 from Union,Initial Contract,2021-02-26T11:23:12,Lecrenski Brothers Inc.,Bernard Romani,Amalgamated Transit Union 448,,James Harrington,2021-02-26T14:32:38,2021-03-26,34
2021-03-01T15:28:08,CBM,Agreement Reached,F-7 from Union,Initial Contract,2021-03-01T15:28:08,OFNHP,Jodi Barschow,CWA 7901,,A.J. Mendoza,2021-03-02T09:11:46,2021-08-13,10
2021-03-03T00:00:00,CBM,Agreement Reached,F-7 from Union,Initial Contract,2021-03-03T00:00:00,"PGN OP Oak, LLC b/d/a Oak Pavilion Nursing Center",Blake Selnick,SEIU 1199,,Caitlin Brown,2021-03-03T08:06:53,2021-04-19,50
2021-03-03T13:53:18,CBM,Agreement Reached,F-7 from Union,Initial Contract,2021-03-03T13:53:18,Minnesota Freedom Fund,Octavia Smith,OPEIU  12,,Molly Thul,2021-03-03T14:10:31,2022-03-21,10
2021-03-08T07:56:16,CBM,,F-7 from Union,Initial Contract,2021-03-08T07:56:16,Reichenbach Ceiling and Partitions,Jim Reichenbach,Plasterers & Cement Masons  514,,Henry Williams,2021-03-09T10:27:48,2021-03-09,80
2021-03-08T08:03:56,CBM,,F-7 from Union,Initial Contract,2021-03-08T08:03:56,Central Interiors,Roger Simmonds,Plasterers & Cement Masons  514,,Henry Williams,2021-03-09T10:48:03,2021-03-09,80
2021-03-08T08:16:44,CBM,,F-7 from Union,Initial Contract,2021-03-08T08:16:44,Bouma Interiors,Glen Weller,Plasterers & Cement Masons  514,,Henry Williams,2021-03-09T10:49:06,2021-03-09,80
2021-03-08T08:22:19,CBM,,F-7 from Union,Initial Contract,2021-03-08T08:22:19,DSI,John Carlson,Plasterers & Cement Masons  514,,Henry Williams,2021-03-09T10:50:10,2021-03-09,80
2021-03-08T08:27:35,CBM,,F-7 from Union,Initial Contract,2021-03-08T08:27:35,Cook Jackson,David Bay,Plasterers & Cement Masons  514,,Henry Williams,2021-03-09T10:51:05,2021-03-09,80
2021-03-08T09:30:27,CBM,Agreement Reached,F-7 from Union,Initial Contract,2021-03-08T09:30:27,Aramark Uniform Services,Steve Manasco,IBT 346,,Zak Radzak,2021-03-09T12:03:10,2021-07-28,50
2021-03-08T17:01:04,CBM,Agreement Reached,F-7 from Union,Initial Contract,2021-03-08T17:01:04,Phoenix Logistics,Matt Williamitis,IAMAW AFL-CIO 2515,,Ramon Martinez,2021-03-09T09:28:02,2021-06-24,5
2021-03-10T15:36:08,CBM,Question re:Representation,F-7 from Union,Initial Contract,2021-03-10T15:36:08,ABC TRANSIT INC.,AARON SILVERMAN,IBT 249,,TAMMY SABO,2021-03-19T10:37:29,2022-06-08,59
2021-03-12T00:00:00,CBM,Agreement Reached,F-7 from Union,Initial Contract,2021-03-12T00:00:00,Franciscan Health System d/b/a Franciscan Hospice Care Center (Chaplains),Judy Coffin,IAMAW 751,,Jon Holden,2021-03-15T08:55:20,2021-12-07,14
2021-03-12T18:24:31,CBM,Agreement Reached,F-7 from Union,Initial Contract,2021-03-12T18:24:31,"Oswalt's Sewer Rooter & Plumbing Repair, LLC",Michael Holmes,Plumbers & Steamfitters Local Union No. 141 141,,Michael Hale,2021-03-17T12:31:58,2021-11-22,5
2021-03-15T00:00:00,CBM,Agreement Reached,NLRB,Initial Contract,2021-03-15T00:00:00,"First Group America, Inc.",Virginia Zeszutek,ATU 1743,,Diane Stambaugh,2021-03-15T15:38:23,2022-04-01,24
2021-03-15T00:00:00,CBM,Agreement Reached,NLRB,Initial Contract,2021-03-15T00:00:00,"Clow Valve Company, A division of McWane, Inc.",Tiffany Tremmel,IAMAW District Lodge 6,,William LePinske,2021-03-15T16:13:51,2021-07-12,98
2021-03-15T00:00:00,CBM,Parties Failed to Respond,NLRB,Initial Contract,2021-03-15T00:00:00,"Prairie Mounntain Publishing Company, LLP d/b/a Loveland Reporter-Herald",Albert Manzi,Denver Newspaper Guild-CWA 37074,,Tony Mulligan,2021-03-15T16:41:05,2021-09-20,7
2021-03-15T00:00:00,CBM,Agreement Reached,NLRB,Initial Contract,2021-03-15T00:00:00,Western Avenue Nissan,Terry Creamer,IBT 731,,Al Adams,2021-03-15T16:48:11,2022-01-04,12
2021-03-15T00:00:00,CBM,Agreement Reached,NLRB,Initial Contract,2021-03-15T00:00:00,"VHS Acquisition Subsidiary Number 9, Inc. d/b/a Metro West Medical Center - Leonard Morse Hospital",Anita Holbrook,LIUNA 380,,Nelson Carneiro,2021-03-15T17:00:23,2021-11-30,80
2021-03-15T00:00:00,CBM,Case Cancelled,F-7 from Union,Initial Contract,2021-03-15T00:00:00,Providence Engineering Hospitality Group,Dan Mueller,SEIU 49,,Meg Niemi,2021-03-16T09:19:43,2022-04-15,30
2021-03-15T00:00:00,CBM,Agreement Reached,NLRB,Initial Contract,2021-03-15T00:00:00,Imperial Parking (U.S.) LLC,Andre Cooke,ATU 1300,,Michael McMillan,2021-03-16T13:31:20,2021-10-05,24
2021-03-15T00:00:00,CBM,Agreement Reached,NLRB,Initial Contract,2021-03-15T00:00:00,"Dynobel, Inc.",Joel Spaeth,IUOE 49,,Ryan Davies,2021-03-16T13:46:32,2021-11-10,25
2021-03-15T00:00:00,CBM,Agreement Reached,NLRB,Initial Contract,2021-03-15T00:00:00,"Diversified Transportation, LLC",Kimberly Gianos,IBT 848,,Jeremy Baltazar,2021-03-16T14:37:30,2022-01-24,52
2021-03-15T15:45:25,CBM,Other,F-7 from Union,Initial Contract,2021-03-15T15:45:25,Capital Anesthesia Solutions,Scott Salisbury,PASNAP WV CRNAA,,Alex Lotorto,2021-03-19T11:32:53,2022-05-17,21
2021-03-17T14:53:00,CBM,Agreement Reached,F-7 from Union,Initial Contract,2021-03-17T14:53:00,THE WILLOWS,PETER MONGILLO,New England Health Care Employees Union (SEIU),,Edgar Aracena,2021-03-19T11:48:18,2021-07-19,24
2021-03-18T00:00:00,CBM,Agreement Reached,F-7 from Union,Initial Contract,2021-03-18T00:00:00,Planned Parenthood Southwestern Oregon,Jacqueline Damm,SEIU 49,,Kevin Van Meter,2021-03-19T11:07:42,2022-03-28,66
2021-03-22T00:00:00,CBM,Agreement Reached,F-7 from Union,Initial Contract,2021-03-22T00:00:00,Komatsu America Corp.,Chris Dubois,IBB 158,,Kevin Reatherford,2021-03-23T14:51:16,2021-10-01,444
2021-03-22T09:43:03,CBM,Agreement Reached,F-7 from Union,Initial Contract,2021-03-22T09:43:03,Roseland Community Hospital,Nikia Glenn,SEIU HCII,,Dulce Leyva,2021-03-24T16:31:29,2021-07-08,80
2021-03-23T00:00:56,CBM,Agreement Reached,F-7 from Union,Initial Contract,2021-03-23T13:42:56,"PCSI, Inc.",Eric Barbosa,International Brotherhood of Teamsters 822,,Johnny Sawyer,2021-03-23T16:30:45,2021-09-01,31
2021-03-30T00:00:00,CBM,Agreement Reached,F-7 from Union,Initial Contract,2021-03-30T00:00:00,CSS,Rana Husary,SEIU 87,,Ahmed Abozayd,2021-03-31T07:41:34,2022-01-27,15
2021-04-02T14:03:26,CBM,Agreement Reached,F-7 from Organization,Initial Contract,2021-04-02T14:03:26,Shands Jacksonville Medical Center Inc.,Meg Zabijaka,LEOS-PBA N/A,,Charles Strebeck,2021-04-05T10:50:19,2022-01-11,95
2021-04-02T14:50:13,CBM,Agreement Reached,F-7 from Union,Initial Contract,2021-04-02T14:50:13,Vertex Aerospace,Jeffery Goerke,IAMAW 2777,,Clementine Jenkins,2021-04-05T10:46:40,2021-05-26,312
2021-04-05T12:42:58,CBM,Agreement Reached,F-7 from Union,Initial Contract,2021-04-05T12:42:58,Delaware Resource Group,Michael Haire,IAMAW AFL-CIO District Lodge 77,,Sherman Phillips,2021-04-05T13:08:17,2021-05-10,2
2021-04-11T08:23:21,CBM,Agreement Reached,F-7 from Organization,Initial Contract,2021-04-11T08:23:21,Seneca Foods Corporation,Jaosn Stanevich,IAM District 65,,Ronald Warner,2021-04-14T19:02:31,2021-08-24,200
2021-04-13T16:00:52,CBM,Other,F-7 from Union,Initial Contract,2021-04-13T16:00:52,Touchpoints at Bloomfield,JAMIE FAUCHER,NEHCEU 1199,,Jesse Martin,2021-04-16T11:50:33,2021-09-14,17
2021-04-14T09:22:57,CBM,Agreement Reached,F-7 from Union,Initial Contract,2021-04-14T09:22:57,National Women's Soccer League,Tanja Thompson,National Women's Soccer League Players Association,,Deborah Willig,2021-04-16T11:54:55,2022-01-31,240
2021-04-15T00:00:00,CBM,Agreement Reached,F-7 from Union,Initial Contract,2021-04-15T00:00:00,Children's Hospital of Michigan,Susan Rapp,MIAFSCME 140.13,,Dan Hunt,2021-04-16T08:13:28,2021-09-10,62
2021-04-15T12:24:27,CBM,Agreement Reached,F-7 from Union,Initial Contract,2021-04-15T12:24:27,Thrive Support & Advocacy,Sean Rose,Service Employees International Union 509,,Dan Hoffer,2021-04-21T07:42:19,2021-10-07,69
2021-04-15T14:26:11,CBM,Agreement Reached,F-7 from Union,Initial Contract,2021-04-15T14:26:11,North Suffolk Mental Health (Residential Staff),Jackie Moore,Service Employees International Union 509,,Ted Nebus,2021-04-21T07:45:13,2022-06-09,430
2021-04-15T18:16:24,CBM,Agreement Reached,F-7 from Union,Initial Contract,2021-04-15T18:16:24,Niagara Falls Memorial Medical Center-Health Home,Alexander Collichio,1199 SEIU United Healthcare Workers East 1199,,Michele Jerge,2021-04-16T14:02:54,2021-06-29,60
2021-04-16T12:32:00,CBM,Agreement Reached,F-7 from Union,Initial Contract,2021-04-16T12:32:00,"HESSCO Elder Services, Inc.",Mary Jean McDermott,Service Employees International Union 509,,Orlando Pena,2021-04-21T07:52:50,2021-12-06,34
2021-04-22T13:47:42,CBM,Agreement Reached,F-7 from Union,Initial Contract,2021-04-22T13:47:42,JDRC Managed Services LLC,Alexandra Wright,United Food & Commercial Workers Union  328,,Mr. Timothy Melia,2021-04-22T15:16:02,2022-01-27,8
2021-04-23T11:26:59,CBM,Agreement Reached,F-7 from Union,Initial Contract,2021-04-23T11:26:59,"Delaware Valley Residential Care, LLC.","Adam Gersh, Esq.",NUHHCE District 1199C,,Barbara Mann,2021-05-02T20:08:28,2021-10-14,110
2021-04-27T20:39:46,CBM,Agreement Reached,F-7 from Union,Initial Contract,2021-04-27T20:39:46,SG Services Inc. ,Jessi Lajoie,OPEIU 174,,Lupe Valles,2021-04-28T10:49:19,2022-04-10,84
2021-04-29T19:21:19,CBM,Agreement Reached,F-7 from Union,Initial Contract,2021-04-29T19:21:19,CAE USA,Carrie Stawski,IAMAW (FS XXI) 2003,,Brad Smith,2021-05-07T11:02:38,2021-06-14,21
2021-04-29T19:28:47,CBM,Agreement Reached,F-7 from Union,Initial Contract,2021-04-29T19:28:47,CAE USA,Carrie Stawski,IAMAW (ATMP) 2003,,Brad Smith,2021-05-07T10:55:08,2021-06-14,34
2021-05-03T08:45:21,CBM,Other,F-7 from Union,Initial Contract,2021-05-03T08:45:21,Defense Commissary Agency (DeCA),James Johnson III,AFGE 1897,,Ernesto Diaz,2021-05-05T16:31:17,2021-09-07,68
2021-05-03T15:24:00,CBM,Agreement Reached,F-7 from Union,Initial Contract,2021-05-03T15:24:00,MV Transportation,Patrick Domholdt,ATU 1027,,Luis Montoya,2021-05-03T15:33:59,2022-03-04,41
2021-05-04T12:58:28,CBM,Agreement Reached,F-7 from Union,Initial Contract,2021-05-04T12:58:28,Loretto Hospital,Chrystal Brown,SEIU Healthcare Illinois and Indiana N/A,,Brenda Bedolla,2021-05-06T16:42:21,2021-09-02,34
2021-05-05T00:00:00,CBM,Case Cancelled,FLRA,Initial Contract,2021-05-05T00:00:00,Social Security Administration,Christopher Copeland,AFGE N/A,,Hampton Stennis,2021-05-06T10:22:07,2021-05-18,51
2021-05-05T19:28:20,CBM,Agreement Reached,F-7 from Union,Initial Contract,2021-05-05T19:28:20,Detroit Medical Center Huron Valley-Sinai Hospital,Susan Rapp,SEIU Healthcare Michigan,,Ken Haney,2021-05-07T09:31:40,2021-12-13,349
2021-05-07T15:56:54,CBM,Agreement Reached,F-7 from Union,Initial Contract,2021-05-07T15:56:54,"Randolph Entertainment, dba Teatro ZinZanni",Klaus Schuller,Chicago Federation of Musicians 10-208,,Terryl Jares,2021-05-10T11:24:07,2021-07-20,8
2021-05-08T23:28:50,CBM,Agreement Reached,F-7 from Union,Initial Contract,2021-05-08T23:28:50,Kaiser Permanente Hawaii Market,Roxanne Tejada,Hawaii Nurses and Healthcare Professionals HNHP,,Karen Miller,2021-05-10T09:10:55,2022-01-03,18
2021-05-17T00:00:00,CBM,Employees Included In/Folded Into Existing Unit,FLRA,Initial Contract,2021-05-17T00:00:00,Department of Army-25th Infantry Division and U.S. Army Hawaii G-3 Training Support System,John Rebudal,IAMAW 1998,,Jason Hardwick,2021-05-20T15:42:40,2022-03-03,99
2021-05-18T00:00:00,CBM,,F-7 from Union,Initial Contract,2021-05-18T00:00:00,Museum of Jewish Heritage,Erin Eastern,"District Council 37, AFSCME",,Moira Dolan,2021-05-19T11:06:08,2021-12-28,28
2021-05-19T17:52:46,CBM,Agreement Reached,F-7 from Union,Initial Contract,2021-05-19T17:52:46,FairVote Minnesota,Mark Mathison,MN Newspaper & Communications Guild TNG-CWA 37002,,Candace Lund,2021-05-28T12:23:00,2021-07-29,5
2021-05-20T11:25:10,CBM,Agreement Reached,F-7 from Union,Initial Contract,2021-05-20T11:25:10,Banquet Foods/Div of ConAgra,HR HR,International Brotherhood of Teamsters 688,,Larry Sprinkle,2021-05-28T14:38:22,2021-08-02,203
2021-05-24T16:10:39,CBM,Agreement Reached,F-7 from Union,Initial Contract,2021-05-24T16:10:39,Twinbrook Healthcare & Rehab Ctr.,Ellie Pollak,SEIU Healthcare Pennsylvania N/A.,,Carlos Rivera,2021-06-03T17:29:43,2021-07-29,26
2021-05-25T12:26:28,CBM,Agreement Reached,F-7 from Union,Initial Contract,2021-05-25T12:26:28,Schuylkill Manor ,Rita Maher,SEIU Healthcare Pennsylvania,,Carlos Rivera,2021-05-29T12:18:13,2021-12-06,145
2021-05-25T12:48:20,CBM,Agreement Reached,F-7 from Union,Initial Contract,2021-05-25T12:48:20,Hamilton Arms Center,Rita Maher,SEIU Healthcare Pennsylvania,,Carlos Rivera,2021-05-29T12:25:11,2021-11-07,35
2021-05-25T14:10:18,CBM,Agreement Reached,F-7 from Union,Initial Contract,2021-05-25T14:10:18,Hampton House,Brian Powers,SEIU Healthcare Pennsylvania,,Carlos Rivera,2021-05-29T12:26:00,2021-12-06,41
2021-05-25T15:53:50,CBM,Agreement Reached,F-7 from Union,Initial Contract,2021-05-25T15:53:50,Manorcare of Yeadon,Brian Powers,SEIU Healthcare Pennsylvania,,Carlos Rivera,2021-05-29T12:26:55,2021-08-27,73
2021-06-02T13:55:14,CBM,Agreement Reached,F-7 from Union,Initial Contract,2021-06-02T13:55:14,Campbell Certified Inc.,Mark Campbell,Iron Workers District Council California N/A,,David Osborne,2021-06-03T09:40:41,2021-09-15,16
2021-06-14T00:00:00,CBM,Case Cancelled,FLRA,Initial Contract,2021-06-14T00:00:00,Centers for Disease Control and Prevention Workforce Relations Office/HRO,Jonathan Theodule,AFGE 2923,,Edith Lee,2021-06-15T08:30:43,2021-06-16,10
2021-06-14T00:00:00,CBM,Other,FLRA,Initial Contract,2021-06-14T00:00:00,National Park Service,Jenny Baier,AFGE 2614 N/A,,Cathie McQuiston,2021-06-15T08:44:34,2021-08-16,160
2021-06-14T00:00:00,CBM,Agreement Reached,F-7 from Union,Initial Contract,2021-06-14T00:00:00,John Muir Behavioral Health Center,Julie Anderson,SEIU UHWW 2005,,Brian Valdez,2021-06-14T07:26:42,2021-09-30,30
2021-06-22T00:00:00,CBM,Agreement Reached,F-7 from Union,Initial Contract,2021-06-22T00:00:00,Victor Valley Global Medical Center,Michele Bird,SEIU UHWW 2005,,John Aho,2021-06-22T08:48:35,2021-11-12,250
2021-06-23T00:00:00,CBM,Other,F-7 from Union,Initial Contract,2021-06-23T00:00:00,Carrie Elligson Gietner Home Inc,Kathy Naufel,SEIU Healthcare MO/KS,,Twayna Thompson,2021-06-29T22:52:25,2021-09-14,65
2021-06-23T00:00:47,CBM,Agreement Reached,F-7 from Union,Initial Contract,2021-06-23T11:16:47,Promedica - PowerBack,Jennifer Valinoti,SEIU Healthcare Pennsylvania N/A.,,Carlos Rivera,2021-06-29T15:08:25,2022-04-18,104
2021-06-23T13:02:43,CBM,Agreement Reached,F-7 from Union,Initial Contract,2021-06-23T13:02:43,HSS Inc.,Kirsten Benefiel,"LEOSU-CA, United Federation LEOS-PBA",,Steve Maritas,2021-06-25T09:12:59,2021-11-19,257
2021-06-23T13:22:16,CBM,Agreement Reached,F-7 from Union,Initial Contract,2021-06-23T13:22:16,Exelon Nuclear Security,William Logan,"National Union of Nuclear Security Officers NUNSO, United Federation LEOS-PBA",,Steve Maritas,2021-06-29T15:09:25,2021-08-18,94
2021-06-23T13:33:45,CBM,Agreement Reached,F-7 from Union,Initial Contract,2021-06-23T13:33:45,G4S Regulated Security Solutions,Fred Seleman,"National Union of Nuclear Security Officers NUNSO, United Federation LEOS-PBA",,Steve Maritas,2021-06-25T09:00:30,2022-04-18,72
2021-06-23T15:46:48,CBM,Agreement Reached,F-7 from Union,Initial Contract,2021-06-23T15:46:48,AGC of Illinois,Frank Kazenske,Ironworkers 380,,Charles Black,2021-06-29T15:12:51,2021-07-06,224
2021-06-24T13:59:55,CBM,Agreement Reached,F-7 from Union,Initial Contract,2021-06-24T13:59:55,Paragon Systems Inc.,Laura Hagan,LEOSUCA United Federation LEOS-PBA N/A,,Steve Maritas,2021-06-24T14:27:25,2021-09-02,357
2021-06-24T14:06:08,CBM,Agreement Reached,F-7 from Union,Initial Contract,2021-06-24T14:06:08,Paragon Systems Inc.,Laura Hagan,LEOSUCA United Federation LEOS-PBA N/A,,Steve Maritas,2021-06-24T14:11:29,2021-09-02,257
2021-06-24T19:06:26,CBM,Agreement Reached,F-7 from Union,Initial Contract,2021-06-24T19:06:26,Silver Lake Healthcare Center - CommuniCare,Brian Kelly,RWDSU/UFCW 108,,Charles Hall,2021-06-29T15:24:19,2022-01-14,70
2021-07-06T17:31:17,CBM,Agreement Reached,F-7 from Union,Initial Contract,2021-07-06T17:31:17,Paradise Valley Hospital - Prime Healthcare,Rich Martwick,UNAC/UHCP N/A,,Erick Carbajal,2021-07-07T08:15:42,2021-11-16,270
2021-07-08T10:33:19,CBM,Referred to FLRA (Federal Only),F-7 from Union,Initial Contract,2021-07-08T10:33:19,Federal Bureau of Prisons/FCC Butner,Crystal Jones,AFGE/CPL 33 408,,Edwin Kirton,2021-07-08T15:36:34,2021-08-31,900
2021-07-08T20:49:23,CBM,Agreement Reached,F-7 from Union,Initial Contract,2021-07-08T20:49:23,Drexel University,Kim Ghoulston,Teamsters 115,,Shane Reilly,2021-07-14T16:42:16,2021-08-19,20
2021-07-14T21:25:43,CBM,Agreement Reached,F-7 from Union,Initial Contract,2021-07-14T21:25:43,Secretly Services Inc.,Shelby Silverman,OPEIU 174,,Lupe Valles,2021-07-15T07:25:35,2022-04-10,84
2021-07-15T00:00:02,CBM,Other,F-7 from Union,Initial Contract,2021-07-15T12:56:02,Coral Springs Rehabilitation & healthcare Center,Mark Stern,United Food & Commercial Workers Union 27,,Michelle Warble,2021-07-21T10:20:32,2021-09-21,79
2021-07-15T17:17:42,CBM,Agreement Reached,F-7 from Union,Initial Contract,2021-07-15T17:17:42,Leidos Military and Family Life Counseling,Mike Windle,IAMAW District W24 N/A,,Jeff Wagner,2021-07-16T08:03:50,2022-05-03,55
2021-07-19T16:26:12,CBM,Agreement Reached,F-7 from Union,Initial Contract,2021-07-19T16:26:12,Paragon Systems,Jean Dober,Federal Contract Guards of America N/A,,Kim Nguyen,2021-08-11T11:03:09,2021-12-01,119
2021-07-22T00:00:00,CBM,Agreement Reached,F-7 from Organization,Initial Contract,2021-07-22T00:00:00,Oregon International Airfreight Co. dba OIA Global,Jason Stanevich,ILWU 63,,John Fageaux,2021-07-28T14:53:05,2021-12-28,18
2021-07-22T16:27:50,CBM,Agreement Reached,F-7 from Union,Initial Contract,2021-07-22T16:27:50,PRETTY GIRL MATERIALS,JULIE CUNNINGHAM,International Union of Operating Engineers 18,,THOMAS BYERS,2021-07-23T08:17:51,2021-07-29,1
2021-07-22T19:21:01,CBM,Agreement Reached,F-7 from Union,Initial Contract,2021-07-22T19:21:01,RadiantCare,Gina Davito,United Food and Commercial Workers Union 21,,Evelyn Orantes-Fogel,2021-07-23T07:43:16,2022-05-11,30
2021-07-27T16:10:49,CBM,Agreement Reached,F-7 from Union,Initial Contract,2021-07-27T16:10:49,"Parsec, Inc.",Bill Pauls,IBT 710,,JUSTIN VAUGHN,2021-07-29T15:33:16,2021-12-29,139
2021-08-03T14:49:59,CBM,Agreement Reached,F-7 from Union,Initial Contract,2021-08-03T14:49:59,Triple Canopy,Mike Goodwin,United Career Professionals,,Renee Davis,2021-08-05T18:14:52,2021-08-11,250
2021-08-04T10:32:43,CBM,Agreement Reached,F-7 from Union,Initial Contract,2021-08-04T10:32:43,Professional Transportation Inc.,Jake Fulcher,UE N/A,,J. Burger,2021-08-12T11:53:55,2022-03-07,120
2021-08-07T11:28:30,CBM,Agreement Reached,F-7 from Union,Initial Contract,2021-08-07T11:28:30,"Secure Care Options, LLC d/b/a 60 West ",Jessica Dering,NEHCE SEIU 1199,,Jesse Martin,2021-08-12T17:52:59,2022-05-12,22
2021-08-09T15:28:42,CBM,Agreement Reached,F-7 from Union,Initial Contract,2021-08-09T15:28:42,American Legion Ambulance Association,Clare Turnbull,International Association of EMTS and Paramedics R2-287,,Frank Wagner,2021-08-10T10:27:27,2021-12-10,40
2021-08-20T10:08:31,CBM,Agreement Reached,F-7 from Union,Initial Contract,2021-08-20T10:08:31,The Watson Institute,Brian Balonick,PSEA N/A,,Alisa Murray,2021-08-20T16:54:46,2022-03-02,60
2021-08-26T00:00:00,CBM,Employees Included In/Folded Into Existing Unit,NLRB,Initial Contract,2021-08-26T00:00:00,Waterfront Operations Associates LLC,Eli Vatch,1199 SEIU United Healthcare Workers East 1199,,William English,2021-08-30T15:14:51,2021-10-05,2
2021-08-26T00:00:00,CBM,Case Cancelled,NLRB,Initial Contract,2021-08-26T00:00:00,Atlanta Gas Light Company,Pedro Cherry,IBEW 1997,,James Flynn,2021-08-30T16:13:24,2021-08-30,9
2021-08-26T00:00:00,CBM,Agreement Reached,NLRB,Initial Contract,2021-08-26T00:00:00,"Secure Care Options, LLC d/b/a 60 West ",Jessica Dering,NEHCE SEIU 1199,,Edgar Aracena,2021-08-30T16:18:04,2022-05-12,20
2021-08-26T00:00:00,CBM,Agreement Reached,NLRB,Initial Contract,2021-08-26T00:00:00,David Automotive d/b/a David Taylor Ellisville Chrysler Dodge Jeep Ram,David Taylor,IAMAW 778,,Dwight Terry,2021-08-27T14:02:48,2022-01-25,28
2021-08-26T00:00:00,CBM,Other,NLRB,Initial Contract,2021-08-26T00:00:00,Central Yetev Lev D'Satmar Meat Inc.,Salomon Fried,United Production Workers Union 17-18,,Francisco Jara,2021-08-26T13:58:03,2021-09-01,19
2021-08-26T00:00:00,CBM,Agreement Reached,NLRB,Initial Contract,2021-08-26T00:00:00,Southern Glazer's Wine and Spirits of Texas LLC,David Kitchen,IBT 657,,Donald Pick,2021-08-26T14:42:05,2021-12-29,31
2021-08-26T00:00:00,CBM,Other,NLRB,Initial Contract,2021-08-26T00:00:00,EthosEnergy Power Plant Services LLC,Don Ross,IUOE 30,,Andres Puerta,2021-08-26T14:59:58,2021-09-15,18
2021-08-26T00:00:00,CBM,Agreement Reached,NLRB,Initial Contract,2021-08-26T00:00:00,13th Avenue Supermarket LLC d/b/a Gourmet Glatt,Yoeli Steinberg,UPWU 17-18,,Daniel Mello,2021-08-27T16:28:28,2022-01-06,85
2021-08-26T17:52:26,CBM,Agreement Reached,F-7 from Union,Initial Contract,2021-08-26T17:52:26,Allied Universal Security Services,David Chapla,SPFPA 650,,Ryan Kelly,2021-08-27T08:09:49,2022-03-23,1000
2021-08-30T10:50:09,CBM,Agreement Reached,F-7 from Union,Initial Contract,2021-08-30T10:50:09,Rochester Gas and Electric Corporation,James Tait,"International Brotherhood of Electrical Workers, AFL-CIO 36",,Jeffrey Sondervan,2021-08-30T14:37:58,2022-04-18,4
2021-08-31T09:35:37,CBM,Agreement Reached,F-7 from Organization,Initial Contract,2021-08-31T09:35:37,Columbia Gas of Kentucky,Jodi Falknor,USW 372,,Brian Wedge,2021-08-31T09:45:01,2021-11-30,145
2021-08-31T11:54:42,CBM,Agreement Reached,F-7 from Union,Initial Contract,2021-08-31T11:54:42,Yosemite Foods Inc.,Michael Lau,IBT 439,,Edward Speckman,2021-08-31T12:15:59,2022-02-17,30
2021-08-31T13:00:37,CBM,Agreement Reached,F-7 from Union,Initial Contract,2021-08-31T13:00:37,American Architectural Glass,JASON MEYER,IUPAT 372,,James Sherwood,2021-09-01T08:34:30,2021-11-23,15
2021-09-01T18:12:43,CBM,Agreement Reached,F-7 from Union,Initial Contract,2021-09-01T18:12:43,Kit Carson Nursing and Rehabilitation,Theresa Cardimas,SEIU 2015,,Ojo Akognon,2021-09-02T08:07:06,2022-01-19,278
2021-09-10T00:00:00,CBM,Agreement Reached,NLRB,Initial Contract,2021-09-10T00:00:00,Aurora Energy Solutions LLC,Robert Brown,LIUNA 942,,John Corbett,2021-09-14T12:03:09,2022-05-27,8
2021-09-13T12:24:05,CBM,Agreement Reached,F-7 from Union,Initial Contract,2021-09-13T12:24:05,Aspen Equipment LLC,Todd Foster,IUOE 49,,Aaron Rasset,2021-09-13T12:54:36,2021-11-01,45
2021-09-15T00:00:00,CBM,Agreement Reached,NLRB,Initial Contract,2021-09-15T00:00:00,"AmeriGas Propane, Inc.",--Edward- Young,Teamsters 79,,John Sholtes,2021-09-16T10:44:51,2022-02-03,17
2021-09-15T13:04:10,CBM,Agreement Reached,F-7 from Union,Initial Contract,2021-09-15T13:04:10,Kimberly Hall North,Courtney Wood,New England Health Care Employees Union (SEIU),,Jesse Martin,2021-09-16T15:01:19,2022-05-12,24
2021-09-15T13:11:52,CBM,Agreement Reached,F-7 from Union,Initial Contract,2021-09-15T13:11:52,Kimberly Hall South,Thomas Russo,New England Health Care Employees Union (SEIU),,Jesse Martin,2021-09-16T15:02:29,2022-05-12,19
2021-09-20T00:00:00,CBM,Agreement Reached,F-7 from Union,Initial Contract,2021-09-20T00:00:00,Sofidel America Corporation,Amy Parsons,IUOE 18-S,,Thomas Byers,2021-09-21T10:15:02,2021-10-05,8
2021-09-22T00:00:00,CBM,Question re:Representation,NLRB,Initial Contract,2021-09-22T00:00:00,Dandelion Chocolate Inc.,Todd Masonis,ILWU Coast Longshore Division N/A,,Agustin Ramirez,2021-10-27T08:32:48,2021-11-18,40
2021-09-22T00:00:00,CBM,Agreement Reached,NLRB,Initial Contract,2021-09-22T00:00:00,Bull Moose Music,Peter Bennet,UFCW N/A,,Mat Farrell,2021-10-27T08:59:33,2022-04-29,25
2021-09-22T00:00:00,CBM,Agreement Reached,NLRB,Initial Contract,2021-09-22T00:00:00,Wallis Annenberg Center for the Performing Arts,Rachel Fine,IATSE N/A,,ALLISON SMARTT,2021-10-27T09:43:11,2022-06-06,80
2021-09-22T00:00:00,CBM,Other,NLRB,Initial Contract,2021-09-22T00:00:00,Paragon Systems Inc.,Leslie Kaciban Jr.,SPFPA N/A,,David Hickey,2021-10-27T10:17:46,2022-02-01,70
2021-09-22T00:00:00,CBM,Agreement Reached,NLRB,Initial Contract,2021-09-22T00:00:00,CVS Pharmacy,Brad Adams,UFCW AFL-CIO 324,,Joe Hernandez,2021-10-27T10:41:16,2022-02-07,19
2021-09-29T19:09:43,CBM,Other,F-7 from Union,Initial Contract,2021-09-29T19:09:43,Kaiser Baldwin Park,Richard Rosas,UNAC/UHCP N/A,,Greg Wilson,2021-09-30T11:53:56,2021-10-04,65
2021-09-29T19:17:32,CBM,Other,F-7 from Union,Initial Contract,2021-09-29T19:17:32,Kaiser Downey,Richard Rosas,UNAC/UHCP N/A,,Greg Wilson,2021-09-30T11:44:45,2021-10-04,54
2021-10-13T13:49:01,CBM,Agreement Reached,F-7 from Union,Initial Contract,2021-10-13T13:49:01,Palms at Orange Park,Jeff Patton,UFCW 1625,,Ed Chambers,2021-10-13T16:02:17,2022-01-27,60
2021-10-13T13:49:36,CBM,Agreement Reached,F-7 from Union,Initial Contract,2021-10-13T13:49:36,Palms of Port St. Lucie,Jeff Patton,UFCW 1625,,Ed Chambers,2021-10-13T15:50:42,2022-04-22,70
2021-10-13T13:50:10,CBM,Agreement Reached,F-7 from Union,Initial Contract,2021-10-13T13:50:10,Palms of Lake City,Jeff Patton,UFCW 1625,,Ed Chambers,2021-10-13T15:45:28,2022-01-03,40
2021-10-13T13:50:48,CBM,Agreement Reached,F-7 from Union,Initial Contract,2021-10-13T13:50:48,Palms of Winter Haven,Jeff Patton,UFCW 1625,,Ed Chambers,2021-10-13T15:33:07,2022-04-22,80
2021-10-20T12:20:50,CBM,Agreement Reached,F-7 from Union,Initial Contract,2021-10-20T12:20:50,HEALTHCARE SERVICES GROUP INC AT QVC,CHRIS RICCI,New England Healthcare Emp Union 1199,,Jesse Martin,2021-10-26T12:39:32,2022-05-12,24
2021-10-22T00:00:00,CBM,Agreement Reached,NLRB,Initial Contract,2021-10-22T00:00:00,ADC LTD NM,S Archuleta,UGSOA 291,,Eric McMillen,2021-10-29T11:14:51,2021-12-03,8
2021-10-22T00:00:00,CBM,Agreement Reached,NLRB,Initial Contract,2021-10-22T00:00:00,Wellpath LLC,Jorge Dominicis,International Union Security Police & Fire Professionals of America (SPFPA) n/a,,Dwayne Phillips,2021-10-29T14:58:17,2022-01-24,50
2021-10-22T00:00:00,CBM,Question re:Representation,NLRB,Initial Contract,2021-10-22T00:00:00,Paragon Systems Inc,Leslie Kaciban Jr.,"ITPEU-OPEIU, AFL-CIO 4873",,Natasha Gray,2021-10-29T15:10:47,2022-03-10,40
2021-10-22T00:00:00,CBM,Question re:Representation,NLRB,Initial Contract,2021-10-22T00:00:00,Wheeling Skilled Nursing Facility LLC aka Bella Terra Wheeling,David Lichtman,SEIU 4,,Paige Kelly,2021-10-29T15:44:56,2022-02-23,100
2021-10-22T00:00:00,CBM,Parties Failed to Respond,NLRB,Initial Contract,2021-10-22T00:00:00,"MGM Yonkers, Inc. d/b/a Empire City Casino, Inc.",John Gilman,IBEW 1212,,Raplh Adigliliano,2021-11-09T11:10:45,2022-05-21,25
2021-10-22T00:00:00,CBM,Parties Failed to Respond,NLRB,Initial Contract,2021-10-22T00:00:00,"Entergy Operations, Inc.",Allison Thurman,"United Government Security Officers of America, International Union 312",,Mike LeBlanc,2021-11-09T11:40:31,2022-03-01,84
2021-10-22T00:00:00,CBM,Other,NLRB,Initial Contract,2021-10-22T00:00:00,Consolidated Bus Transit,Neil Mancuso,IBT 553,,Demos Demopoulos,2021-11-09T12:44:26,2021-11-15,360
2021-10-22T00:00:00,CBM,Parties Failed to Respond,NLRB,Initial Contract,2021-10-22T00:00:00,Northwest Community Healthcare,Rich Casey,IUOE 399,,Jesus Ramirez,2021-11-09T12:57:31,2022-04-19,30
2021-10-22T00:00:00,CBM,Parties Failed to Respond,NLRB,Initial Contract,2021-10-22T00:00:00,"Asphalt Operating Services of Chicago, LLC",Eric Darlinger,IUOE 150,,Brad Russell,2021-11-09T13:11:02,2022-04-19,18
2021-10-22T00:00:00,CBM,Other,NLRB,Initial Contract,2021-10-22T00:00:00,Jofaz Transportation Inc,Joseph Fazzia,IBT 553,,Demos Demopoulos,2021-11-09T13:32:37,2021-11-15,1000
2021-10-22T00:00:00,CBM,Agreement Reached,NLRB,Initial Contract,2021-10-22T00:00:00,"Elko, Inc., d/b/a Coach USA",Mary Wassom,ATU 298,,James Vogt,2021-11-09T19:38:34,2022-03-14,45
2021-11-03T13:09:14,CBM,Facility Closed,F-7 from Union,Initial Contract,2021-11-03T13:09:14,Easterseals New York,Kenneth Brezenoff,Civil Service Employees Association,,Christopher Decker,2021-11-04T13:30:49,2022-03-03,40
2021-11-09T16:25:36,CBM,Agreement Reached,F-7 from Union,Initial Contract,2021-11-09T16:25:36,Lake Region Healthcare,Ryan Hoyt,AFSCME Council 65 1149,,Teresa Joppa,2021-11-10T07:55:03,2022-01-21,25
2021-11-12T12:02:36,CBM,Agreement Reached,F-7 from Union,Initial Contract,2021-11-12T12:02:36,Saginaw Transit Auth. Regional Serv. (STARS) ,Glen Steffens,USW 00051,,Tonya DeVore,2021-11-12T12:52:49,2022-03-14,12
2021-11-15T12:32:40,CBM,Other,F-7 from Union,Initial Contract,2021-11-15T12:32:40,Panoche Water District,Ara Azhderian,IBEW AFL-CIO 1245,,Al Fortier,2021-11-15T15:42:59,2022-01-12,15
2021-11-19T00:00:00,CBM,Agreement Reached,NLRB,Initial Contract,2021-11-19T00:00:00,Power Home Solar LLC,Seth Kelley,IBEW 58,,LaMarr Jones,2021-11-19T10:23:16,2022-03-23,30
2021-11-19T00:00:00,CBM,Other,NLRB,Initial Contract,2021-11-19T00:00:00,"Pacific Waste Systems, LLC",Betty Jo Cruz,IBEW 1260,,Kenneth John Laguana,2021-11-19T16:05:00,2021-11-30,23
2021-12-02T10:34:56,CBM,Agreement Reached,F-7 from Union,Initial Contract,2021-12-02T10:34:56,"Brown County Rural Water Association, Inc.",Dan Sarbach,Laborers' International Union of North America 265,,Justin Phillips,2021-12-02T11:01:05,2022-01-20,21
2021-12-13T00:00:00,CBM,Other,F-7 from Union,Initial Contract,2021-12-13T00:00:00,Crestwood Health Care Center LLC,Chiquita Kimari,SEIU Healthcare HCILMK,,Twayna Thompson,2021-12-28T18:41:04,2022-06-07,65
2021-12-14T17:20:42,CBM,Agreement Reached,F-7 from Union,Initial Contract,2021-12-14T17:20:42,Virtual Computer Technology,Cigi Oakley,IAMAW District 725,,Bradley Durant,2021-12-15T09:48:55,2022-04-01,26
2021-12-14T17:49:45,CBM,Agreement Reached,F-7 from Union,Initial Contract,2021-12-14T17:49:45,PKL Services,Vic David,IAMAW District 725,,Bradley Durant,2021-12-15T09:36:56,2022-04-01,10
2021-12-15T00:00:12,CBM,Other,F-7 from Union,Initial Contract,2021-12-15T19:14:12,Encore,James Hlawek,UGSOA 295,,Mike Leblanc,2021-12-16T09:44:56,2022-03-09,120
2021-12-16T00:00:00,CBM,Agreement Reached,F-7 from Union,Initial Contract,2021-12-16T00:00:00,"Mac's Distribution & Wholesale, LLC",Timothy McCaffrey,UFCW 464A,,M Piscitelli,2021-12-17T06:44:13,2022-04-06,10
2021-12-22T00:00:30,CBM,Agreement Reached,F-7 from Union,Initial Contract,2021-12-22T19:25:30,Waste Management Simi Valley,Theo Galoozis,Teamsters Local 186,,fernando lara,2021-12-23T14:16:50,2022-04-14,190
2021-12-22T19:40:13,CBM,,F-7 from Union,Initial Contract,2021-12-22T19:40:13,Ratp Dev/ VCTC,Syed Shadab,IBT 186,,Fernando Lara,2021-12-23T07:29:34,2022-04-11,40
2022-01-11T10:15:06,CBM,Agreement Reached,F-7 from Union,Initial Contract,2022-01-11T10:15:06,"Foutain House, Inc.",Louis DiLorenzo,"District Council 37, American Federation of State, County and Municipal Employees, AFL-CIO",,Mark Heron,2022-01-12T14:06:37,2022-03-24,95
2022-01-11T15:05:16,CBM,Agreement Reached,F-7 from Organization,Initial Contract,2022-01-11T15:05:16,Roadrunner Management Services Inc.,Syed Shadab,IBT 186,,Fernando Lara,2022-01-12T08:17:11,2022-05-09,40
2022-02-07T03:42:47,CBM,Parties Failed to Respond,F-7 from Union,Initial Contract,2022-02-07T03:42:47,Federal Court - Department of Justice,Marie Davis,SEIU,,Marie Davis,2022-02-07T08:34:02,2022-05-13,20
2022-02-07T17:20:21,CBM,Agreement Reached,F-7 from Union,Initial Contract,2022-02-07T17:20:21,"Forest Haven Rehabilitation Center (LPNs, Recepts)",Ronnie Colbert,"1199SEIU, UHWE, MD/DC Region",,Donta Marshall,2022-02-11T13:48:09,2022-05-18,26
2022-02-11T00:00:00,CBM,,NLRB,Initial Contract,2022-02-11T00:00:00,Boerum Condo,,SEIU 32BJ,,Charles Du,2022-03-25T16:20:11,,9
2022-02-22T15:59:14,CBM,Agreement Reached,F-7 from Union,Initial Contract,2022-02-22T15:59:14,"CSI Sands, LTD",Eric Strang,International Union of Operating Engineers 17,,Mark Printup,2022-02-25T10:55:05,2022-05-16,15
2022-03-14T11:08:52,CBM,Agreement Reached,F-7 from Organization,Initial Contract,2022-03-14T11:08:52,US Government Publishing Office,Melissa Hatfield,GCC/IBT Bookbinders Local 4-B,,James Mullarkey,2022-03-14T12:29:29,2022-05-16,130
2022-03-28T13:11:08,CBM,Other,F-7 from Union,Initial Contract,2022-03-28T13:11:08,Arvin Edison Water Storage District (AWSD),Jeevan Muhar,IUOE 501,,James Fagen,2022-03-28T14:54:46,2022-05-03,30
2022-04-07T15:28:57,CBM,Agreement Reached,F-7 from Union,Initial Contract,2022-04-07T15:28:57,Mercy College,Kristin Bowes,SEIU 200United,,Sean Collins,2022-04-07T16:19:17,2022-05-10,700
